202111 ACCT ACCT - Accounting 202111
202111 AEGD AEGD - Adv Ed Gen Dentistry 202111
202111 AERO AERO - Aerospace Engineering 202111
202111 AERS AERS - Aerospace Studies 202111
202111 AFST AFST - Africana Studies 202111
202111 AGCJ AGCJ - Ag Comm &amp; Journalism 202111
202111 AGEC AGEC - Agricultural Economics 202111
202111 AGLS AGLS - Ag &amp; Life Sciences 202111
202111 AGSC AGSC - Agricultural Science 202111
202111 AGSM AGSM - Agricultrl Systems Mgmt 202111
202111 ALEC ALEC - Ag Leadrshp, Ed &amp; Comm 202111
202111 ALED ALED - Ag Leadership &amp; Dev 202111
202111 ANSC ANSC - Animal Science 202111
202111 ANTH ANTH - Anthropology 202111
202111 ARAB ARAB - Arabic 202111
202111 ARCH ARCH - Architecture 202111
202111 AREN AREN - Architectural Engr 202111
202111 ARTS ARTS - Art 202111
202111 ASCC ASCC - Academic Success Center 202111
202111 ASTR ASTR - Astronomy 202111
202111 ATMO ATMO - Atmospheric Sciences 202111
202111 ATTR ATTR - Athletic Training 202111
202111 BAEN BAEN - Biological &amp; Ag Engr 202111
202111 BEFB BEFB-Bilingual Ed Field Based 202111
202111 BESC BESC - Bioenvironmental Sci 202111
202111 BICH BICH - Biochemistry 202111
202111 BIED BIED - Bilingual Education 202111
202111 BIMS BIMS - Biomedical Science 202111
202111 BIOL BIOL - Biology 202111
202111 BIOT BIOT - Biotechnology 202111
202111 BMEN BMEN - Biomedical Engineering 202111
202111 BUAD BUAD - Business Administration 202111
202111 BUSH BUSH - Geo. Bush School of Gov 202111
202111 BUSN BUSN - Mays Business School 202111
202111 CARC CARC - College of Architecture 202111
202111 CEHD CEHD - Coll of Ed &amp; Human Dev 202111
202111 CHEM CHEM - Chemistry 202111
202111 CHEN CHEN - Chemical Engineering 202111
202111 CHIN CHIN - Chinese 202111
202111 CLAS CLAS - Classics 202111
202111 CLEN CLEN - College of Engineering 202111
202111 CLGE CLGE - College of Geosciences 202111
202111 CLSC CLSC - College of Science 202111
202111 COMM COMM - Communication 202111
202111 COSC COSC - Construction Science 202111
202111 CPSY CPSY - Counseling Psychology 202111
202111 CSCE CSCE - Computer Sci &amp; Engr 202111
202111 CVEN CVEN - Civil Engineering 202111
202111 DASC DASC - Dairy Science 202111
202111 DCED DCED - Dance Education 202111
202111 DDHS DDHS - Dental Hygiene 202111
202111 DPHS DPHS - Dental Public Health 202111
202111 ECEN ECEN - Electrical &amp; Comp Engr 202111
202111 ECMT ECMT - Econometrics 202111
202111 ECON ECON - Economics 202111
202111 EDAD EDAD - Educational Administrtn 202111
202111 EDCI EDCI - Educ Curriculum &amp; Dev 202111
202111 EDHP EDHP - Ed Healthcare Prof 202111
202111 EDTC EDTC - Educational Technology 202111
202111 EEBL EEBL - Ecology &amp; Evol Biology 202111
202111 EHRD EHRD - Ed Human Res Develop 202111
202111 ENDO ENDO - Endodontics 202111
202111 ENDS ENDS - Environmental Design 202111
202111 ENGL ENGL - English 202111
202111 ENGR ENGR - Engineering 202111
202111 ENTC ENTC - Engineering Technology 202111
202111 ENTO ENTO - Entomology 202111
202111 EPFB EPFB - Educ Psyc Field Based 202111
202111 EPSY EPSY - Educational Psychology 202111
202111 ESET ESET - Electronic Sys Eng Tech 202111
202111 ESSM ESSM  Ecosystem Science &amp; Mgmt 202111
202111 EURO EURO - European Studies 202111
202111 EVEN EVEN - Environmental Engr 202111
202111 FILM FILM - Film Studies 202111
202111 FINC FINC - Finance 202111
202111 FIVS FIVS - Forensic &amp; Inv Science 202111
202111 FREN FREN - French 202111
202111 FSTC FSTC - Food Science &amp; Tech 202111
202111 FYEX FYEX - First Year Experience 202111
202111 GENE GENE - Genetics 202111
202111 GEOG GEOG - Geography 202111
202111 GEOL GEOL - Geology 202111
202111 GEOP GEOP - Geophysics 202111
202111 GEOS GEOS - Geosciences 202111
202111 GERM GERM - German 202111
202111 HCPI HCPI - Healthcare Prof Core In 202111
202111 HEFB HEFB - Health Ed Field Based 202111
202111 HHUM HHUM - Health Humanities 202111
202111 HISP HISP - Hispanic Studies 202111
202111 HIST HIST - History 202111
202111 HLTH HLTH - Health 202111
202111 HORT HORT - Horticultural Sciences 202111
202111 HPCH HPCH - Health Promo Comm Hlth 202111
202111 IBST IBST - Institute Biosci &amp; Tech 202111
202111 IBUS IBUS - International Business 202111
202111 ICPE ICPE-Interdisc Curr Prg Energy 202111
202111 IDIS IDIS - Industrial Distribution 202111
202111 IMED IMED - Internal Medicine 202111
202111 INST INST-Interdisciplinary Studies 202111
202111 INTA INTA - International Affairs 202111
202111 INTS INTS - International Studies 202111
202111 ISEN ISEN - Indust &amp; Systems Engr 202111
202111 ISTM ISTM - Mgmt Info Systems 202111
202111 ITAL ITAL - Italian 202111
202111 ITDE ITDE - Interdisciplinary Engr 202111
202111 JAPN JAPN - Japanese 202111
202111 JOUR JOUR - Journalism 202111
202111 KINE KINE - Kinesiology 202111
202111 KNFB KNFB - Kinesiology Field Based 202111
202111 LAND LAND - Landscape Architecture 202111
202111 LAW LAW - Law 202111
202111 LBAR LBAR - College of Liberal Arts 202111
202111 LDEV LDEV - Land Development 202111
202111 LING LING -Linguistics 202111
202111 LMAS LMAS - Latino/Mex Amer Studies 202111
202111 MARS MARS - Marine Science 202111
202111 MASC MASC - Integrated Math &amp; Sci 202111
202111 MATH MATH - Mathematics 202111
202111 MCMD MCMD - Molecular Cell Medicine 202111
202111 MEEN MEEN - Mechanical Engineering 202111
202111 MEFB MEFB - Mid Grds Ed Field Based 202111
202111 MEMA MEMA - Mechanics and Materials 202111
202111 MEPS MEPS-Molecular &amp; Env Plant Sci 202111
202111 MGMT MGMT - Management 202111
202111 MKTG MKTG - Marketing 202111
202111 MLSC MLSC - Military Science 202111
202111 MMET MMET - Mfg &amp; Mech Engr Tech 202111
202111 MODL MODL - Modern Languages 202111
202111 MPHY MPHY - Medical Physiology 202111
202111 MPIM MPIM - Microbial Pathogen Imm 202111
202111 MSCI MSCI - Medical Sciences 202111
202111 MSEN MSEN -Materials Science &amp; Engr 202111
202111 MUSC MUSC - Music 202111
202111 MXET MXET - Multidiscip Engr Tech 202111
202111 NEXT NEXT - Neuro Exper Therapeutic 202111
202111 NFSC NFSC - Nutrition &amp; Food Sci 202111
202111 NRSC NRSC - Neuroscience 202111
202111 NUEN NUEN - Nuclear Engineering 202111
202111 NURS NURS - Nursing 202111
202111 NVSC NVSC - Naval Science 202111
202111 OBIO OBIO - Oral Biology 202111
202111 OCEN OCEN - Ocean Engineering 202111
202111 OCNG OCNG - Oceanography 202111
202111 OMFP OMFP - Oral &amp; Maxillofac Path 202111
202111 OMFR OMFR - Oral &amp; Maxillofac Radio 202111
202111 OMFS OMFS - Oral &amp; Maxillofac Surg 202111
202111 ORTH ORTH - Orthodontics 202111
202111 PEDD PEDD - Pediatric Dentistry 202111
202111 PERF PERF - Performance Studies 202111
202111 PERI PERI - Peridontics 202111
202111 PETE PETE - Petroleum Engineering 202111
202111 PHAR PHAR - Pharmacy 202111
202111 PHEB PHEB - Public Hlth Epide Biost 202111
202111 PHEO PHEO - Public Hlth Enviro Occu 202111
202111 PHIL PHIL - Philosophy 202111
202111 PHLT PHLT - Public Health 202111
202111 PHPM PHPM - Public Hlth Pol &amp; Mgmt 202111
202111 PHSC PHSC - Pharmaceutical Sciences 202111
202111 PHYS PHYS - Physics 202111
202111 PLAN PLAN - Urban Planning 202111
202111 PLPA PLPA - Plant Pathology 202111
202111 POLS POLS - Political Science 202111
202111 POSC POSC - Poultry Science 202111
202111 PROS PROS - Prosthodontics 202111
202111 PSAA PSAA - Public Service &amp; Admin 202111
202111 PSYC PSYC - Psychology 202111
202111 RDNG RDNG - Reading 202111
202111 RELS RELS - Religious Studies 202111
202111 RENR RENR-Renewable Natural Resrces 202111
202111 RPTS RPTS - Rec, Park &amp; Tourism Sci 202111
202111 RUSS RUSS - Russian 202111
202111 SABR SABR - Study Abroad 202111
202111 SCEN SCEN - College of Science 202111
202111 SCMT SCMT - Supply Chain Mgmt 202111
202111 SCSC SCSC - Soil and Crop Sciences 202111
202111 SEFB SEFB - Special Ed Field Based 202111
202111 SENG SENG - Safety Engineering 202111
202111 SOCI SOCI - Sociology 202111
202111 SOMS SOMS-Schl of Military Sciences 202111
202111 SOPH SOPH - School of Public Health 202111
202111 SPAN SPAN - Spanish 202111
202111 SPED SPED - Special Education 202111
202111 SPMT SPMT - Sport Management 202111
202111 SPSY SPSY - School Psychology 202111
202111 STAT STAT - Statistics 202111
202111 TCMG TCMG - Technology Management 202111
202111 TCMT TCMT - Technical Management 202111
202111 TEED TEED - Teacher Education 202111
202111 TEFB TEFB - Teacher Ed Field Based 202111
202111 THAR THAR - Theatre Arts 202111
202111 UGST UGST - Undergraduate Studies 202111
202111 URPN URPN - Urban &amp; Reg Planning 202111
202111 URSC URSC - Urban Science 202111
202111 VIBS VIBS - Vet Integrative Biosci 202111
202111 VIST VIST - Visual Studies 202111
202111 VIZA VIZA - Visualization 202111
202111 VLCS VLCS-Vet Large Animal Clin Sc 202111
202111 VMID VMID - Vet Medicine-Interdisc 202111
202111 VPAR VPAR - Veterinary Parasitology 202111
202111 VPAT VPAT - Veterinary Pathology 202111
202111 VSCS VSCS-Vet Small Animal Clin Sc 202111
202111 VTMI VTMI - Veterinary Microbiology 202111
202111 VTPB VTPB - Veterinary Pathobiology 202111
202111 VTPP VTPP - Vet Physiology &amp; Pharm 202111
202111 WFSC WFSC-Wildlife &amp; Fisheries Sci 202111
202111 WGST WGST - Women&#39;s &amp;Gender Studies 202111
202111 WMHS WMHS-Water Mgmt &amp; Hydrol Sci 202111
202112 ACCT ACCT - Accounting 202112
202112 ANTH ANTH - Anthropology 202112
202112 ASCC ASCC - Academic Success Center 202112
202112 BIOL BIOL - Biology 202112
202112 CHEM CHEM - Chemistry 202112
202112 CLAS CLAS - Classics 202112
202112 CLGV CLGV - TAMU Galveston Campus 202112
202112 COMM COMM - Communication 202112
202112 DIVE DIVE - Diving Tech and Methods 202112
202112 ECON ECON - Economics 202112
202112 ENGL ENGL - English 202112
202112 FINC FINC - Finance 202112
202112 GALV GALV - TAMUG Study Abroad 202112
202112 GEOG GEOG - Geography 202112
202112 HISP HISP - Hispanic Studies 202112
202112 HIST HIST - History 202112
202112 KINE KINE - Kinesiology 202112
202112 MARA MARA - Maritime Administration 202112
202112 MARB MARB - Marine Biology 202112
202112 MARE MARE - Marine Engr Technology 202112
202112 MARR MARR - Marine Engr Technology 202112
202112 MARS MARS - Marine Science 202112
202112 MART MART - Marine Transportation 202112
202112 MAST MAST - Maritime Studies 202112
202112 MATH MATH - Mathematics 202112
202112 MGMT MGMT - Management 202112
202112 MKTG MKTG - Marketing 202112
202112 MUSC MUSC - Music 202112
202112 NVSC NVSC - Naval Science 202112
202112 OCNG OCNG - Oceanography 202112
202112 PHIL PHIL - Philosophy 202112
202112 PHYS PHYS - Physics 202112
202112 PLAN PLAN - Urban Planning 202112
202112 POLS POLS - Political Science 202112
202112 PSYC PSYC - Psychology 202112
202112 SCMT SCMT - Supply Chain Mgmt 202112
202112 SOCI SOCI - Sociology 202112
202112 STAT STAT - Statistics 202112
202112 THAR THAR - Theatre Arts 202112
202112 UGST UGST - Undergraduate Studies 202112
202112 ZOPT ZOPT - TAMUG - Corps Activity 202112
202113 ANTH ANTH - Anthropology 202113
202113 ASCC ASCC - Academic Success Center 202113
202113 CHEM CHEM - Chemistry 202113
202113 CHEN CHEN - Chemical Engineering 202113
202113 CVEN CVEN - Civil Engineering 202113
202113 ECEN ECEN - Electrical &amp; Comp Engr 202113
202113 ENGL ENGL - English 202113
202113 ENGR ENGR - Engineering 202113
202113 GEOL GEOL - Geology 202113
202113 HIST HIST - History 202113
202113 ISEN ISEN - Indust &amp; Systems Engr 202113
202113 MATH MATH - Mathematics 202113
202113 MEEN MEEN - Mechanical Engineering 202113
202113 PETE PETE - Petroleum Engineering 202113
202113 PHYS PHYS - Physics 202113
202113 POLS POLS - Political Science 202113
